-- phpMyAdmin SQL Dump
-- version 5.0.2
-- https://www.phpmyadmin.net/
--
-- Servidor: 127.0.0.1
-- Tiempo de generación: 27-04-2020 a las 21:23:51
-- Versión del servidor: 10.4.11-MariaDB
-- Versión de PHP: 7.2.29

SET SQL_MODE = "NO_AUTO_VALUE_ON_ZERO";
START TRANSACTION;
SET time_zone = "+00:00";


/*!40101 SET @OLD_CHARACTER_SET_CLIENT=@@CHARACTER_SET_CLIENT */;
/*!40101 SET @OLD_CHARACTER_SET_RESULTS=@@CHARACTER_SET_RESULTS */;
/*!40101 SET @OLD_COLLATION_CONNECTION=@@COLLATION_CONNECTION */;
/*!40101 SET NAMES utf8mb4 */;

--
-- Base de datos: `reservas-hotel`
--

-- --------------------------------------------------------

--
-- Estructura de tabla para la tabla `categorias`
--

CREATE TABLE `categorias` (
  `id` int(11) NOT NULL,
  `color` text NOT NULL,
  `img` text NOT NULL,
  `descripcion` text NOT NULL
) ENGINE=InnoDB DEFAULT CHARSET=utf8;

--
-- Volcado de datos para la tabla `categorias`
--

INSERT INTO `categorias` (`id`, `color`, `img`, `descripcion`) VALUES
(6, 'imagen.png', 'rojo', 'lojoso'),
(7, 'imagen.png', 'rojo', 'lojoso'),
(8, 'imagen.png', 'rojo', 'lojoso'),
(9, 'imagen.png', 'rojo', 'lojoso'),
(10, 'imagen.png', 'rojo', 'lojoso'),
(11, 'imagen.png', 'rojo', 'lojoso'),
(12, 'imagen.png', 'rojo', 'lojoso'),
(13, 'imagen.png', 'rojo', 'lojoso');

-- --------------------------------------------------------

--
-- Estructura de tabla para la tabla `habitaciones`
--

CREATE TABLE `habitaciones` (
  `id` int(11) NOT NULL,
  `galeria` text NOT NULL,
  `estado` int(11) DEFAULT NULL,
  `descripcion` text NOT NULL,
  `fecha_h` timestamp NOT NULL DEFAULT current_timestamp() ON UPDATE current_timestamp(),
  `id_plan` int(11) NOT NULL,
  `id_categoria` int(11) NOT NULL
) ENGINE=InnoDB DEFAULT CHARSET=utf8;

--
-- Volcado de datos para la tabla `habitaciones`
--

INSERT INTO `habitaciones` (`id`, `galeria`, `estado`, `descripcion`, `fecha_h`, `id_plan`, `id_categoria`) VALUES
(1, '[\"vistas/img/suite/oriental01.jpg\", \"vistas/img/suite/oriental02.jpg\", \"vistas/img/suite/oriental03.jpg\",\"vistas/img/suite/oriental04.jpg\"]\r\n', NULL, '<p>Lorem ipsum dolor sit amet, consectetur adipisicing elit. Cum sit, quia blanditiis fugiat nam libero possimus totam modi sint autem repellat fugit dicta est pariatur? Ut aut vel ad sapiente. Lorem ipsum dolor sit amet, consectetur adipisicing elit. Beatae, reprehenderit! Deserunt laborum dolorum deleniti molestiae quae vitae animi ratione nihil, minus ut quibusdam incidunt voluptate eos sed id repudiandae ex.\r\n					</p>	\r\n\r\n					<p>Lorem ipsum dolor sit amet, consectetur adipisicing elit. Cum sit, quia blanditiis fugiat nam libero possimus totam modi sint autem repellat fugit dicta est pariatur? Ut aut vel ad sapiente. Lorem ipsum dolor sit amet, consectetur adipisicing elit. Beatae, reprehenderit! Deserunt laborum dolorum deleniti molestiae quae vitae animi ratione nihil, minus ut quibusdam incidunt voluptate eos sed id repudiandae ex.\r\n					</p>\r\n\r\n					<br>\r\n\r\n					<h3>PLAN CONTINENTAL</h3>\r\n\r\n					<p>(Precio x pareja 1 día 1 noche, incluye: desayuno)<br>\r\n					Temporada Baja: $300.000 COP<br>\r\n					Temporada Alta: $350.000 COP</p>	\r\n\r\n					<br>\r\n\r\n					<h3>PLAN AMERICANO</h3>\r\n\r\n					<p>(Precio x pareja 1 día 1 noche, incluye: cena, desayuno, almuerzo)<br>\r\n					Temporada Baja: $380.000 COP<br>\r\n					Temporada Alta: $420.000 COP</p>\r\n					\r\n					<br>\r\n\r\n					<p>Hora de entrada (Check in) 3:00 pm | Hora de salida (Check out) 1:00 pm</p>', '2019-04-27 16:25:33', 0, 0),
(2, '[\"vistas/img/suite/moderna01.jpg\", \"vistas/img/suite/moderna02.jpg\", \"vistas/img/suite/moderna03.jpg\",\"vistas/img/suite/moderna04.jpg\"]\r\n\r\n', NULL, '<p>Lorem ipsum dolor sit amet, consectetur adipisicing elit. Cum sit, quia blanditiis fugiat nam libero possimus totam modi sint autem repellat fugit dicta est pariatur? Ut aut vel ad sapiente. Lorem ipsum dolor sit amet, consectetur adipisicing elit. Beatae, reprehenderit! Deserunt laborum dolorum deleniti molestiae quae vitae animi ratione nihil, minus ut quibusdam incidunt voluptate eos sed id repudiandae ex.\r\n					</p>	\r\n\r\n					<p>Lorem ipsum dolor sit amet, consectetur adipisicing elit. Cum sit, quia blanditiis fugiat nam libero possimus totam modi sint autem repellat fugit dicta est pariatur? Ut aut vel ad sapiente. Lorem ipsum dolor sit amet, consectetur adipisicing elit. Beatae, reprehenderit! Deserunt laborum dolorum deleniti molestiae quae vitae animi ratione nihil, minus ut quibusdam incidunt voluptate eos sed id repudiandae ex.\r\n					</p>\r\n\r\n					<br>\r\n\r\n					<h3>PLAN CONTINENTAL</h3>\r\n\r\n					<p>(Precio x pareja 1 día 1 noche, incluye: desayuno)<br>\r\n					Temporada Baja: $300.000 COP<br>\r\n					Temporada Alta: $350.000 COP</p>	\r\n\r\n					<br>\r\n\r\n					<h3>PLAN AMERICANO</h3>\r\n\r\n					<p>(Precio x pareja 1 día 1 noche, incluye: cena, desayuno, almuerzo)<br>\r\n					Temporada Baja: $380.000 COP<br>\r\n					Temporada Alta: $420.000 COP</p>\r\n					\r\n					<br>\r\n\r\n					<p>Hora de entrada (Check in) 3:00 pm | Hora de salida (Check out) 1:00 pm</p>', '2019-04-09 02:08:52', 0, 0),
(3, '[\"vistas/img/suite/africana01.jpg\", \"vistas/img/suite/africana02.jpg\", \"vistas/img/suite/africana03.jpg\",\"vistas/img/suite/africana04.jpg\"]\r\n', NULL, '<p>Lorem ipsum dolor sit amet, consectetur adipisicing elit. Cum sit, quia blanditiis fugiat nam libero possimus totam modi sint autem repellat fugit dicta est pariatur? Ut aut vel ad sapiente. Lorem ipsum dolor sit amet, consectetur adipisicing elit. Beatae, reprehenderit! Deserunt laborum dolorum deleniti molestiae quae vitae animi ratione nihil, minus ut quibusdam incidunt voluptate eos sed id repudiandae ex.\r\n					</p>	\r\n\r\n					<p>Lorem ipsum dolor sit amet, consectetur adipisicing elit. Cum sit, quia blanditiis fugiat nam libero possimus totam modi sint autem repellat fugit dicta est pariatur? Ut aut vel ad sapiente. Lorem ipsum dolor sit amet, consectetur adipisicing elit. Beatae, reprehenderit! Deserunt laborum dolorum deleniti molestiae quae vitae animi ratione nihil, minus ut quibusdam incidunt voluptate eos sed id repudiandae ex.\r\n					</p>\r\n\r\n					<br>\r\n\r\n					<h3>PLAN CONTINENTAL</h3>\r\n\r\n					<p>(Precio x pareja 1 día 1 noche, incluye: desayuno)<br>\r\n					Temporada Baja: $300.000 COP<br>\r\n					Temporada Alta: $350.000 COP</p>	\r\n\r\n					<br>\r\n\r\n					<h3>PLAN AMERICANO</h3>\r\n\r\n					<p>(Precio x pareja 1 día 1 noche, incluye: cena, desayuno, almuerzo)<br>\r\n					Temporada Baja: $380.000 COP<br>\r\n					Temporada Alta: $420.000 COP</p>\r\n					\r\n					<br>\r\n\r\n					<p>Hora de entrada (Check in) 3:00 pm | Hora de salida (Check out) 1:00 pm</p>', '2019-04-09 02:08:56', 0, 0),
(4, '[\"vistas/img/suite/clasica01.jpg\", \"vistas/img/suite/clasica02.jpg\", \"vistas/img/suite/clasica03.jpg\",\"vistas/img/suite/clasica04.jpg\"]\r\n', NULL, '<p>Lorem ipsum dolor sit amet, consectetur adipisicing elit. Cum sit, quia blanditiis fugiat nam libero possimus totam modi sint autem repellat fugit dicta est pariatur? Ut aut vel ad sapiente. Lorem ipsum dolor sit amet, consectetur adipisicing elit. Beatae, reprehenderit! Deserunt laborum dolorum deleniti molestiae quae vitae animi ratione nihil, minus ut quibusdam incidunt voluptate eos sed id repudiandae ex.\r\n					</p>	\r\n\r\n					<p>Lorem ipsum dolor sit amet, consectetur adipisicing elit. Cum sit, quia blanditiis fugiat nam libero possimus totam modi sint autem repellat fugit dicta est pariatur? Ut aut vel ad sapiente. Lorem ipsum dolor sit amet, consectetur adipisicing elit. Beatae, reprehenderit! Deserunt laborum dolorum deleniti molestiae quae vitae animi ratione nihil, minus ut quibusdam incidunt voluptate eos sed id repudiandae ex.\r\n					</p>\r\n\r\n					<br>\r\n\r\n					<h3>PLAN CONTINENTAL</h3>\r\n\r\n					<p>(Precio x pareja 1 día 1 noche, incluye: desayuno)<br>\r\n					Temporada Baja: $300.000 COP<br>\r\n					Temporada Alta: $350.000 COP</p>	\r\n\r\n					<br>\r\n\r\n					<h3>PLAN AMERICANO</h3>\r\n\r\n					<p>(Precio x pareja 1 día 1 noche, incluye: cena, desayuno, almuerzo)<br>\r\n					Temporada Baja: $380.000 COP<br>\r\n					Temporada Alta: $420.000 COP</p>\r\n					\r\n					<br>\r\n\r\n					<p>Hora de entrada (Check in) 3:00 pm | Hora de salida (Check out) 1:00 pm</p>', '2019-04-09 02:08:59', 0, 0),
(5, '[\"vistas/img/suite/retro01.jpg\", \"vistas/img/suite/retro02.jpg\", \"vistas/img/suite/retro03.jpg\",\"vistas/img/suite/retro04.jpg\"]\r\n', NULL, '<p>Lorem ipsum dolor sit amet, consectetur adipisicing elit. Cum sit, quia blanditiis fugiat nam libero possimus totam modi sint autem repellat fugit dicta est pariatur? Ut aut vel ad sapiente. Lorem ipsum dolor sit amet, consectetur adipisicing elit. Beatae, reprehenderit! Deserunt laborum dolorum deleniti molestiae quae vitae animi ratione nihil, minus ut quibusdam incidunt voluptate eos sed id repudiandae ex.\r\n					</p>	\r\n\r\n					<p>Lorem ipsum dolor sit amet, consectetur adipisicing elit. Cum sit, quia blanditiis fugiat nam libero possimus totam modi sint autem repellat fugit dicta est pariatur? Ut aut vel ad sapiente. Lorem ipsum dolor sit amet, consectetur adipisicing elit. Beatae, reprehenderit! Deserunt laborum dolorum deleniti molestiae quae vitae animi ratione nihil, minus ut quibusdam incidunt voluptate eos sed id repudiandae ex.\r\n					</p>\r\n\r\n					<br>\r\n\r\n					<h3>PLAN CONTINENTAL</h3>\r\n\r\n					<p>(Precio x pareja 1 día 1 noche, incluye: desayuno)<br>\r\n					Temporada Baja: $300.000 COP<br>\r\n					Temporada Alta: $350.000 COP</p>	\r\n\r\n					<br>\r\n\r\n					<h3>PLAN AMERICANO</h3>\r\n\r\n					<p>(Precio x pareja 1 día 1 noche, incluye: cena, desayuno, almuerzo)<br>\r\n					Temporada Baja: $380.000 COP<br>\r\n					Temporada Alta: $420.000 COP</p>\r\n					\r\n					<br>\r\n\r\n					<p>Hora de entrada (Check in) 3:00 pm | Hora de salida (Check out) 1:00 pm</p>', '2019-04-09 02:09:03', 0, 0),
(6, '[\"vistas/img/especial/oriental01.jpg\", \"vistas/img/especial/oriental02.jpg\", \"vistas/img/especial/oriental03.jpg\",\"vistas/img/especial/oriental04.jpg\"]\r\n', NULL, '<p>Lorem ipsum dolor sit amet, consectetur adipisicing elit. Cum sit, quia blanditiis fugiat nam libero possimus totam modi sint autem repellat fugit dicta est pariatur? Ut aut vel ad sapiente. Lorem ipsum dolor sit amet, consectetur adipisicing elit. Beatae, reprehenderit! Deserunt laborum dolorum deleniti molestiae quae vitae animi ratione nihil, minus ut quibusdam incidunt voluptate eos sed id repudiandae ex.\r\n					</p>	\r\n\r\n					<p>Lorem ipsum dolor sit amet, consectetur adipisicing elit. Cum sit, quia blanditiis fugiat nam libero possimus totam modi sint autem repellat fugit dicta est pariatur? Ut aut vel ad sapiente. Lorem ipsum dolor sit amet, consectetur adipisicing elit. Beatae, reprehenderit! Deserunt laborum dolorum deleniti molestiae quae vitae animi ratione nihil, minus ut quibusdam incidunt voluptate eos sed id repudiandae ex.\r\n					</p>\r\n\r\n					<br>\r\n\r\n					<h3>PLAN CONTINENTAL</h3>\r\n\r\n					<p>(Precio x pareja 1 día 1 noche, incluye: desayuno)<br>\r\n					Temporada Baja: $300.000 COP<br>\r\n					Temporada Alta: $350.000 COP</p>	\r\n\r\n					<br>\r\n\r\n					<h3>PLAN AMERICANO</h3>\r\n\r\n					<p>(Precio x pareja 1 día 1 noche, incluye: cena, desayuno, almuerzo)<br>\r\n					Temporada Baja: $380.000 COP<br>\r\n					Temporada Alta: $420.000 COP</p>\r\n					\r\n					<br>\r\n\r\n					<p>Hora de entrada (Check in) 3:00 pm | Hora de salida (Check out) 1:00 pm</p>', '2019-04-09 02:09:05', 0, 0),
(7, '[\"vistas/img/especial/moderna01.jpg\", \"vistas/img/especial/moderna02.jpg\", \"vistas/img/especial/moderna03.jpg\",\"vistas/img/especial/moderna04.jpg\"]', NULL, '<p>Lorem ipsum dolor sit amet, consectetur adipisicing elit. Cum sit, quia blanditiis fugiat nam libero possimus totam modi sint autem repellat fugit dicta est pariatur? Ut aut vel ad sapiente. Lorem ipsum dolor sit amet, consectetur adipisicing elit. Beatae, reprehenderit! Deserunt laborum dolorum deleniti molestiae quae vitae animi ratione nihil, minus ut quibusdam incidunt voluptate eos sed id repudiandae ex.\r\n					</p>	\r\n\r\n					<p>Lorem ipsum dolor sit amet, consectetur adipisicing elit. Cum sit, quia blanditiis fugiat nam libero possimus totam modi sint autem repellat fugit dicta est pariatur? Ut aut vel ad sapiente. Lorem ipsum dolor sit amet, consectetur adipisicing elit. Beatae, reprehenderit! Deserunt laborum dolorum deleniti molestiae quae vitae animi ratione nihil, minus ut quibusdam incidunt voluptate eos sed id repudiandae ex.\r\n					</p>\r\n\r\n					<br>\r\n\r\n					<h3>PLAN CONTINENTAL</h3>\r\n\r\n					<p>(Precio x pareja 1 día 1 noche, incluye: desayuno)<br>\r\n					Temporada Baja: $300.000 COP<br>\r\n					Temporada Alta: $350.000 COP</p>	\r\n\r\n					<br>\r\n\r\n					<h3>PLAN AMERICANO</h3>\r\n\r\n					<p>(Precio x pareja 1 día 1 noche, incluye: cena, desayuno, almuerzo)<br>\r\n					Temporada Baja: $380.000 COP<br>\r\n					Temporada Alta: $420.000 COP</p>\r\n					\r\n					<br>\r\n\r\n					<p>Hora de entrada (Check in) 3:00 pm | Hora de salida (Check out) 1:00 pm</p>', '2019-04-09 02:09:08', 0, 0),
(8, '[\"vistas/img/especial/africana01.jpg\", \"vistas/img/especial/africana02.jpg\", \"vistas/img/especial/africana03.jpg\",\"vistas/img/especial/africana04.jpg\"]\r\n', NULL, '<p>Lorem ipsum dolor sit amet, consectetur adipisicing elit. Cum sit, quia blanditiis fugiat nam libero possimus totam modi sint autem repellat fugit dicta est pariatur? Ut aut vel ad sapiente. Lorem ipsum dolor sit amet, consectetur adipisicing elit. Beatae, reprehenderit! Deserunt laborum dolorum deleniti molestiae quae vitae animi ratione nihil, minus ut quibusdam incidunt voluptate eos sed id repudiandae ex.\r\n					</p>	\r\n\r\n					<p>Lorem ipsum dolor sit amet, consectetur adipisicing elit. Cum sit, quia blanditiis fugiat nam libero possimus totam modi sint autem repellat fugit dicta est pariatur? Ut aut vel ad sapiente. Lorem ipsum dolor sit amet, consectetur adipisicing elit. Beatae, reprehenderit! Deserunt laborum dolorum deleniti molestiae quae vitae animi ratione nihil, minus ut quibusdam incidunt voluptate eos sed id repudiandae ex.\r\n					</p>\r\n\r\n					<br>\r\n\r\n					<h3>PLAN CONTINENTAL</h3>\r\n\r\n					<p>(Precio x pareja 1 día 1 noche, incluye: desayuno)<br>\r\n					Temporada Baja: $300.000 COP<br>\r\n					Temporada Alta: $350.000 COP</p>	\r\n\r\n					<br>\r\n\r\n					<h3>PLAN AMERICANO</h3>\r\n\r\n					<p>(Precio x pareja 1 día 1 noche, incluye: cena, desayuno, almuerzo)<br>\r\n					Temporada Baja: $380.000 COP<br>\r\n					Temporada Alta: $420.000 COP</p>\r\n					\r\n					<br>\r\n\r\n					<p>Hora de entrada (Check in) 3:00 pm | Hora de salida (Check out) 1:00 pm</p>', '2019-04-09 02:09:11', 0, 0),
(9, '[\"vistas/img/especial/arabe01.jpg\", \"vistas/img/especial/arabe02.jpg\", \"vistas/img/especial/arabe03.jpg\",\"vistas/img/especial/arabe04.jpg\"]', NULL, '<p>Lorem ipsum dolor sit amet, consectetur adipisicing elit. Cum sit, quia blanditiis fugiat nam libero possimus totam modi sint autem repellat fugit dicta est pariatur? Ut aut vel ad sapiente. Lorem ipsum dolor sit amet, consectetur adipisicing elit. Beatae, reprehenderit! Deserunt laborum dolorum deleniti molestiae quae vitae animi ratione nihil, minus ut quibusdam incidunt voluptate eos sed id repudiandae ex.\r\n					</p>	\r\n\r\n					<p>Lorem ipsum dolor sit amet, consectetur adipisicing elit. Cum sit, quia blanditiis fugiat nam libero possimus totam modi sint autem repellat fugit dicta est pariatur? Ut aut vel ad sapiente. Lorem ipsum dolor sit amet, consectetur adipisicing elit. Beatae, reprehenderit! Deserunt laborum dolorum deleniti molestiae quae vitae animi ratione nihil, minus ut quibusdam incidunt voluptate eos sed id repudiandae ex.\r\n					</p>\r\n\r\n					<br>\r\n\r\n					<h3>PLAN CONTINENTAL</h3>\r\n\r\n					<p>(Precio x pareja 1 día 1 noche, incluye: desayuno)<br>\r\n					Temporada Baja: $300.000 COP<br>\r\n					Temporada Alta: $350.000 COP</p>	\r\n\r\n					<br>\r\n\r\n					<h3>PLAN AMERICANO</h3>\r\n\r\n					<p>(Precio x pareja 1 día 1 noche, incluye: cena, desayuno, almuerzo)<br>\r\n					Temporada Baja: $380.000 COP<br>\r\n					Temporada Alta: $420.000 COP</p>\r\n					\r\n					<br>\r\n\r\n					<p>Hora de entrada (Check in) 3:00 pm | Hora de salida (Check out) 1:00 pm</p>', '2019-04-09 02:09:14', 0, 0),
(10, '[\"vistas/img/especial/romana01.jpg\", \"vistas/img/especial/romana02.jpg\", \"vistas/img/especial/romana03.jpg\",\"vistas/img/especial/romana04.jpg\"]', NULL, '<p>Lorem ipsum dolor sit amet, consectetur adipisicing elit. Cum sit, quia blanditiis fugiat nam libero possimus totam modi sint autem repellat fugit dicta est pariatur? Ut aut vel ad sapiente. Lorem ipsum dolor sit amet, consectetur adipisicing elit. Beatae, reprehenderit! Deserunt laborum dolorum deleniti molestiae quae vitae animi ratione nihil, minus ut quibusdam incidunt voluptate eos sed id repudiandae ex.\r\n					</p>	\r\n\r\n					<p>Lorem ipsum dolor sit amet, consectetur adipisicing elit. Cum sit, quia blanditiis fugiat nam libero possimus totam modi sint autem repellat fugit dicta est pariatur? Ut aut vel ad sapiente. Lorem ipsum dolor sit amet, consectetur adipisicing elit. Beatae, reprehenderit! Deserunt laborum dolorum deleniti molestiae quae vitae animi ratione nihil, minus ut quibusdam incidunt voluptate eos sed id repudiandae ex.\r\n					</p>\r\n\r\n					<br>\r\n\r\n					<h3>PLAN CONTINENTAL</h3>\r\n\r\n					<p>(Precio x pareja 1 día 1 noche, incluye: desayuno)<br>\r\n					Temporada Baja: $300.000 COP<br>\r\n					Temporada Alta: $350.000 COP</p>	\r\n\r\n					<br>\r\n\r\n					<h3>PLAN AMERICANO</h3>\r\n\r\n					<p>(Precio x pareja 1 día 1 noche, incluye: cena, desayuno, almuerzo)<br>\r\n					Temporada Baja: $380.000 COP<br>\r\n					Temporada Alta: $420.000 COP</p>\r\n					\r\n					<br>\r\n\r\n					<p>Hora de entrada (Check in) 3:00 pm | Hora de salida (Check out) 1:00 pm</p>', '2019-04-09 02:09:16', 0, 0),
(11, '[\"vistas/img/standar/caribena01.jpg\", \"vistas/img/standar/caribena02.jpg\", \"vistas/img/standar/caribena03.jpg\",\"vistas/img/standar/caribena04.jpg\"]', NULL, '<p>Lorem ipsum dolor sit amet, consectetur adipisicing elit. Cum sit, quia blanditiis fugiat nam libero possimus totam modi sint autem repellat fugit dicta est pariatur? Ut aut vel ad sapiente. Lorem ipsum dolor sit amet, consectetur adipisicing elit. Beatae, reprehenderit! Deserunt laborum dolorum deleniti molestiae quae vitae animi ratione nihil, minus ut quibusdam incidunt voluptate eos sed id repudiandae ex.\r\n					</p>	\r\n\r\n					<p>Lorem ipsum dolor sit amet, consectetur adipisicing elit. Cum sit, quia blanditiis fugiat nam libero possimus totam modi sint autem repellat fugit dicta est pariatur? Ut aut vel ad sapiente. Lorem ipsum dolor sit amet, consectetur adipisicing elit. Beatae, reprehenderit! Deserunt laborum dolorum deleniti molestiae quae vitae animi ratione nihil, minus ut quibusdam incidunt voluptate eos sed id repudiandae ex.\r\n					</p>\r\n\r\n					<br>\r\n\r\n					<h3>PLAN CONTINENTAL</h3>\r\n\r\n					<p>(Precio x pareja 1 día 1 noche, incluye: desayuno)<br>\r\n					Temporada Baja: $300.000 COP<br>\r\n					Temporada Alta: $350.000 COP</p>	\r\n\r\n					<br>\r\n\r\n					<h3>PLAN AMERICANO</h3>\r\n\r\n					<p>(Precio x pareja 1 día 1 noche, incluye: cena, desayuno, almuerzo)<br>\r\n					Temporada Baja: $380.000 COP<br>\r\n					Temporada Alta: $420.000 COP</p>\r\n					\r\n					<br>\r\n\r\n					<p>Hora de entrada (Check in) 3:00 pm | Hora de salida (Check out) 1:00 pm</p>', '2019-04-09 02:09:20', 0, 0),
(12, '[\"vistas/img/standar/colonial01.jpg\", \"vistas/img/standar/colonial02.jpg\", \"vistas/img/standar/colonial03.jpg\",\"vistas/img/standar/colonial04.jpg\"]\r\n', NULL, '<p>Lorem ipsum dolor sit amet, consectetur adipisicing elit. Cum sit, quia blanditiis fugiat nam libero possimus totam modi sint autem repellat fugit dicta est pariatur? Ut aut vel ad sapiente. Lorem ipsum dolor sit amet, consectetur adipisicing elit. Beatae, reprehenderit! Deserunt laborum dolorum deleniti molestiae quae vitae animi ratione nihil, minus ut quibusdam incidunt voluptate eos sed id repudiandae ex.\r\n					</p>	\r\n\r\n					<p>Lorem ipsum dolor sit amet, consectetur adipisicing elit. Cum sit, quia blanditiis fugiat nam libero possimus totam modi sint autem repellat fugit dicta est pariatur? Ut aut vel ad sapiente. Lorem ipsum dolor sit amet, consectetur adipisicing elit. Beatae, reprehenderit! Deserunt laborum dolorum deleniti molestiae quae vitae animi ratione nihil, minus ut quibusdam incidunt voluptate eos sed id repudiandae ex.\r\n					</p>\r\n\r\n					<br>\r\n\r\n					<h3>PLAN CONTINENTAL</h3>\r\n\r\n					<p>(Precio x pareja 1 día 1 noche, incluye: desayuno)<br>\r\n					Temporada Baja: $300.000 COP<br>\r\n					Temporada Alta: $350.000 COP</p>	\r\n\r\n					<br>\r\n\r\n					<h3>PLAN AMERICANO</h3>\r\n\r\n					<p>(Precio x pareja 1 día 1 noche, incluye: cena, desayuno, almuerzo)<br>\r\n					Temporada Baja: $380.000 COP<br>\r\n					Temporada Alta: $420.000 COP</p>\r\n					\r\n					<br>\r\n\r\n					<p>Hora de entrada (Check in) 3:00 pm | Hora de salida (Check out) 1:00 pm</p>', '2019-04-09 02:09:26', 0, 0),
(13, '[\"vistas/img/standar/hindu01.jpg\", \"vistas/img/standar/hindu02.jpg\", \"vistas/img/standar/hindu03.jpg\",\"vistas/img/standar/hindu04.jpg\"]', NULL, '<p>Lorem ipsum dolor sit amet, consectetur adipisicing elit. Cum sit, quia blanditiis fugiat nam libero possimus totam modi sint autem repellat fugit dicta est pariatur? Ut aut vel ad sapiente. Lorem ipsum dolor sit amet, consectetur adipisicing elit. Beatae, reprehenderit! Deserunt laborum dolorum deleniti molestiae quae vitae animi ratione nihil, minus ut quibusdam incidunt voluptate eos sed id repudiandae ex.\r\n					</p>	\r\n\r\n					<p>Lorem ipsum dolor sit amet, consectetur adipisicing elit. Cum sit, quia blanditiis fugiat nam libero possimus totam modi sint autem repellat fugit dicta est pariatur? Ut aut vel ad sapiente. Lorem ipsum dolor sit amet, consectetur adipisicing elit. Beatae, reprehenderit! Deserunt laborum dolorum deleniti molestiae quae vitae animi ratione nihil, minus ut quibusdam incidunt voluptate eos sed id repudiandae ex.\r\n					</p>\r\n\r\n					<br>\r\n\r\n					<h3>PLAN CONTINENTAL</h3>\r\n\r\n					<p>(Precio x pareja 1 día 1 noche, incluye: desayuno)<br>\r\n					Temporada Baja: $300.000 COP<br>\r\n					Temporada Alta: $350.000 COP</p>	\r\n\r\n					<br>\r\n\r\n					<h3>PLAN AMERICANO</h3>\r\n\r\n					<p>(Precio x pareja 1 día 1 noche, incluye: cena, desayuno, almuerzo)<br>\r\n					Temporada Baja: $380.000 COP<br>\r\n					Temporada Alta: $420.000 COP</p>\r\n					\r\n					<br>\r\n\r\n					<p>Hora de entrada (Check in) 3:00 pm | Hora de salida (Check out) 1:00 pm</p>', '2019-04-09 02:09:31', 0, 0),
(14, '[\"vistas/img/standar/marroqui01.jpg\", \"vistas/img/standar/marroqui02.jpg\", \"vistas/img/standar/marroqui03.jpg\",\"vistas/img/standar/marroqui04.jpg\"]', NULL, '<p>Lorem ipsum dolor sit amet, consectetur adipisicing elit. Cum sit, quia blanditiis fugiat nam libero possimus totam modi sint autem repellat fugit dicta est pariatur? Ut aut vel ad sapiente. Lorem ipsum dolor sit amet, consectetur adipisicing elit. Beatae, reprehenderit! Deserunt laborum dolorum deleniti molestiae quae vitae animi ratione nihil, minus ut quibusdam incidunt voluptate eos sed id repudiandae ex.\r\n					</p>	\r\n\r\n					<p>Lorem ipsum dolor sit amet, consectetur adipisicing elit. Cum sit, quia blanditiis fugiat nam libero possimus totam modi sint autem repellat fugit dicta est pariatur? Ut aut vel ad sapiente. Lorem ipsum dolor sit amet, consectetur adipisicing elit. Beatae, reprehenderit! Deserunt laborum dolorum deleniti molestiae quae vitae animi ratione nihil, minus ut quibusdam incidunt voluptate eos sed id repudiandae ex.\r\n					</p>\r\n\r\n					<br>\r\n\r\n					<h3>PLAN CONTINENTAL</h3>\r\n\r\n					<p>(Precio x pareja 1 día 1 noche, incluye: desayuno)<br>\r\n					Temporada Baja: $300.000 COP<br>\r\n					Temporada Alta: $350.000 COP</p>	\r\n\r\n					<br>\r\n\r\n					<h3>PLAN AMERICANO</h3>\r\n\r\n					<p>(Precio x pareja 1 día 1 noche, incluye: cena, desayuno, almuerzo)<br>\r\n					Temporada Baja: $380.000 COP<br>\r\n					Temporada Alta: $420.000 COP</p>\r\n					\r\n					<br>\r\n\r\n					<p>Hora de entrada (Check in) 3:00 pm | Hora de salida (Check out) 1:00 pm</p>', '2019-04-09 02:09:34', 0, 0),
(15, '[\"vistas/img/standar/retro01.jpg\", \"vistas/img/standar/retro02.jpg\", \"vistas/img/standar/retro03.jpg\",\"vistas/img/standar/retro04.jpg\"]\r\n', NULL, '<p>Lorem ipsum dolor sit amet, consectetur adipisicing elit. Cum sit, quia blanditiis fugiat nam libero possimus totam modi sint autem repellat fugit dicta est pariatur? Ut aut vel ad sapiente. Lorem ipsum dolor sit amet, consectetur adipisicing elit. Beatae, reprehenderit! Deserunt laborum dolorum deleniti molestiae quae vitae animi ratione nihil, minus ut quibusdam incidunt voluptate eos sed id repudiandae ex.\r\n					</p>	\r\n\r\n					<p>Lorem ipsum dolor sit amet, consectetur adipisicing elit. Cum sit, quia blanditiis fugiat nam libero possimus totam modi sint autem repellat fugit dicta est pariatur? Ut aut vel ad sapiente. Lorem ipsum dolor sit amet, consectetur adipisicing elit. Beatae, reprehenderit! Deserunt laborum dolorum deleniti molestiae quae vitae animi ratione nihil, minus ut quibusdam incidunt voluptate eos sed id repudiandae ex.\r\n					</p>\r\n\r\n					<br>\r\n\r\n					<h3>PLAN CONTINENTAL</h3>\r\n\r\n					<p>(Precio x pareja 1 día 1 noche, incluye: desayuno)<br>\r\n					Temporada Baja: $300.000 COP<br>\r\n					Temporada Alta: $350.000 COP</p>	\r\n\r\n					<br>\r\n\r\n					<h3>PLAN AMERICANO</h3>\r\n\r\n					<p>(Precio x pareja 1 día 1 noche, incluye: cena, desayuno, almuerzo)<br>\r\n					Temporada Baja: $380.000 COP<br>\r\n					Temporada Alta: $420.000 COP</p>\r\n					\r\n					<br>\r\n\r\n					<p>Hora de entrada (Check in) 3:00 pm | Hora de salida (Check out) 1:00 pm</p>', '2019-04-09 02:09:37', 0, 0);

-- --------------------------------------------------------

--
-- Estructura de tabla para la tabla `planes`
--

CREATE TABLE `planes` (
  `id` int(11) NOT NULL,
  `tipo` text NOT NULL,
  `img` text NOT NULL
) ENGINE=InnoDB DEFAULT CHARSET=utf8;

--
-- Volcado de datos para la tabla `planes`
--

INSERT INTO `planes` (`id`, `tipo`, `img`) VALUES
(1, 'Romántico', 'vistas/img/planes/plan-romantico.png'),
(2, 'Luna de Miel', 'vistas/img/planes/luna-de-miel.png'),
(3, 'Aventura', 'vistas/img/planes/plan-aventura.png'),
(4, 'SPA', 'vistas/img/planes/plan-spa.png');

-- --------------------------------------------------------

--
-- Estructura de tabla para la tabla `reservas`
--

CREATE TABLE `reservas` (
  `id_reserva` int(11) NOT NULL,
  `id_habitacion` int(11) NOT NULL,
  `id_usuario` int(11) NOT NULL,
  `pago_reserva` float NOT NULL,
  `codigo_reserva` text NOT NULL,
  `descripcion_reserva` text NOT NULL,
  `fecha_ingreso` date NOT NULL,
  `fecha_salida` date NOT NULL,
  `fecha_reserva` timestamp NOT NULL DEFAULT current_timestamp() ON UPDATE current_timestamp()
) ENGINE=InnoDB DEFAULT CHARSET=utf8;

--
-- Volcado de datos para la tabla `reservas`
--

INSERT INTO `reservas` (`id_reserva`, `id_habitacion`, `id_usuario`, `pago_reserva`, `codigo_reserva`, `descripcion_reserva`, `fecha_ingreso`, `fecha_salida`, `fecha_reserva`) VALUES
(8, 1, 8, 900000, '6NJS06V8L', 'Habitación Suite Oriental - Plan Continental - 2 personas', '2019-05-17', '2019-05-20', '2019-05-14 18:11:33'),
(9, 2, 8, 760000, 'M1UHK6R50', 'Habitación Suite Moderna - Plan Americano - 2 personas', '2019-05-22', '2019-05-24', '2019-05-14 18:12:53'),
(10, 3, 8, 420000, 'YK51N1HAQ', 'Habitación Suite Africana - Plan Romantico - 2 personas', '2019-05-30', '2019-05-31', '2019-06-14 18:13:50'),
(11, 1, 7, 860000, '2S7PLNC32', 'Habitación Suite Oriental - Plan Luna de Miel - 2 personas', '2019-05-20', '2019-05-22', '2019-06-14 18:21:53'),
(12, 2, 7, 820000, '3UD1XIBEO', 'Habitación Suite Moderna - Plan Aventura - 2 personas', '2019-05-15', '2019-05-17', '2019-07-14 19:33:10'),
(13, 3, 7, 1260000, 'WFZIEN8MO', 'Habitación Suite Africana - Plan Romantico - 2 personas', '2019-11-18', '2019-11-21', '2019-07-23 22:01:42'),
(14, 1, 3, 900000, '3U2WO6002', 'Habitación Suite Oriental - Plan Continental - 2 personas', '2019-05-27', '2019-05-30', '2019-08-14 19:35:10'),
(15, 2, 3, 860000, 'N10L457ZB', 'Habitación Suite Moderna - Plan Luna de Miel - 2 personas', '2019-05-25', '2019-05-27', '2019-08-14 19:36:07'),
(16, 3, 3, 900000, 'IMSB2OKGV', 'Habitación Suite Africana - Plan Continental - 2 personas', '2019-10-15', '2019-10-18', '2019-08-23 22:01:29'),
(17, 1, 4, 425000, '6VZ4HIZ27', 'Habitación Suite Oriental - Plan SPA - 2 personas', '2019-05-30', '2019-05-31', '2019-09-14 19:39:24'),
(18, 2, 4, 300000, 'L5BCTUYGM', 'Habitación Suite Moderna - Plan Continental - 2 personas', '2019-05-17', '2019-05-18', '2019-09-14 19:42:47'),
(19, 3, 4, 1290000, 'ACXC0HPO5', 'Habitación Suite Africana - Plan Luna de Miel - 2 personas', '0000-00-00', '0000-00-00', '2019-09-23 22:32:14'),
(20, 1, 3, 760000, 'ZLMAOP6C0', 'Habitación Suite Oriental - Plan Americano - 2 personas', '2019-06-01', '2019-06-03', '2019-09-14 23:17:37');

-- --------------------------------------------------------

--
-- Estructura de tabla para la tabla `usuarios`
--

CREATE TABLE `usuarios` (
  `id_u` int(11) NOT NULL,
  `nombre` text NOT NULL,
  `password` text NOT NULL,
  `email` text NOT NULL,
  `foto` text NOT NULL,
  `fecha` timestamp NOT NULL DEFAULT current_timestamp() ON UPDATE current_timestamp()
) ENGINE=InnoDB DEFAULT CHARSET=utf8;

--
-- Volcado de datos para la tabla `usuarios`
--

INSERT INTO `usuarios` (`id_u`, `nombre`, `password`, `email`, `foto`, `fecha`) VALUES
(3, 'Juan Fernando Urrego', '$2a$07$asxx54ahjppf45sd87a5auFL5K1.Cmt9ZheoVVuudOi5BCi10qWly', 'correotutorialesatualcance@gmail.com', 'vistas/img/usuarios/3/279.png', '2019-07-09 13:58:07'),
(4, 'Felipe Trujillo', '$2a$07$asxx54ahjppf45sd87a5auFL5K1.Cmt9ZheoVVuudOi5BCi10qWly', 'felipe@hotmail.com', '', '2019-05-14 17:16:14'),
(7, 'Tutoriales a tu Alcance', 'null', 'correo.tutorialesatualcance@gmail.com', 'https://lh4.googleusercontent.com/-80gqeIg_Gq8/AAAAAAAAAAI/AAAAAAAAAF4/0_8JQ_8Gffk/s96-c/photo.jpg', '2019-05-11 00:16:27'),
(8, 'Juan Fernando Urrego Alvarez', 'null', 'juanustudio@hotmail.com', 'http://graph.facebook.com/10219668435251136/picture?type=large', '2019-05-14 17:05:28'),
(10, 'Maria del mar', '$2a$07$asxx54ahjppf45sd87a5auFL5K1.Cmt9ZheoVVuudOi5BCi10qWly', 'maria@gmail.com', '', '2019-07-16 10:50:44');

--
-- Índices para tablas volcadas
--

--
-- Indices de la tabla `categorias`
--
ALTER TABLE `categorias`
  ADD PRIMARY KEY (`id`);

--
-- Indices de la tabla `habitaciones`
--
ALTER TABLE `habitaciones`
  ADD PRIMARY KEY (`id`);

--
-- Indices de la tabla `planes`
--
ALTER TABLE `planes`
  ADD PRIMARY KEY (`id`);

--
-- Indices de la tabla `reservas`
--
ALTER TABLE `reservas`
  ADD PRIMARY KEY (`id_reserva`);

--
-- Indices de la tabla `usuarios`
--
ALTER TABLE `usuarios`
  ADD PRIMARY KEY (`id_u`);

--
-- AUTO_INCREMENT de las tablas volcadas
--

--
-- AUTO_INCREMENT de la tabla `categorias`
--
ALTER TABLE `categorias`
  MODIFY `id` int(11) NOT NULL AUTO_INCREMENT, AUTO_INCREMENT=14;

--
-- AUTO_INCREMENT de la tabla `habitaciones`
--
ALTER TABLE `habitaciones`
  MODIFY `id` int(11) NOT NULL AUTO_INCREMENT, AUTO_INCREMENT=16;

--
-- AUTO_INCREMENT de la tabla `planes`
--
ALTER TABLE `planes`
  MODIFY `id` int(11) NOT NULL AUTO_INCREMENT, AUTO_INCREMENT=5;

--
-- AUTO_INCREMENT de la tabla `reservas`
--
ALTER TABLE `reservas`
  MODIFY `id_reserva` int(11) NOT NULL AUTO_INCREMENT, AUTO_INCREMENT=21;

--
-- AUTO_INCREMENT de la tabla `usuarios`
--
ALTER TABLE `usuarios`
  MODIFY `id_u` int(11) NOT NULL AUTO_INCREMENT, AUTO_INCREMENT=11;
COMMIT;

/*!40101 SET CHARACTER_SET_CLIENT=@OLD_CHARACTER_SET_CLIENT */;
/*!40101 SET CHARACTER_SET_RESULTS=@OLD_CHARACTER_SET_RESULTS */;
/*!40101 SET COLLATION_CONNECTION=@OLD_COLLATION_CONNECTION */;
